<?xml version="1.0" encoding="ISO-8859-1"?>

<ClassificationTree version="1.0">

<ObjectSet>
<Object ID="m0"><Name>crumbs</Name><Location>http://aduna.biz/frameset/frame-crumbs.jsp?content=%252Fproducts%252Fspectacle%252Fsysreqs.jsp</Location></Object>
<Object ID="m1"><Name>AutoFocus : Buy</Name><Location>http://aduna.biz/products/autofocus/buy.jsp</Location></Object>
<Object ID="m2"><Name>Enterprise use of AutoFocus</Name><Location>http://aduna.biz/products/autofocus/af-enterprise-use.jsp</Location></Object>
<Object ID="m3"><Name>Aduna Metadata Server 2005.1 Release</Name><Location>http://aduna.biz/news/200503151603.jsp</Location></Object>
<Object ID="m4"><Name>crumbs</Name><Location>http://aduna.biz/frameset/frame-crumbs.jsp?content=%252Fnews%252F200412221200.jsp</Location></Object>
<Object ID="m5"><Name>Privacy</Name><Location>http://aduna.biz/legal/privacy.jsp</Location></Object>
<Object ID="m6"><Name>footer</Name><Location>http://aduna.biz/frameset/frame-footer.jsp</Location></Object>
<Object ID="m7"><Name>crumbs</Name><Location>http://aduna.biz/frameset/frame-crumbs.jsp?content=%252Fnews%252F200503151602.jsp</Location></Object>
<Object ID="m8"><Name>crumbs</Name><Location>http://aduna.biz/frameset/frame-crumbs.jsp?content=%252Fproducts%252Fspectacle%252Fsales.jsp</Location></Object>
<Object ID="m9"><Name>Aduna</Name><Location>http://aduna.biz/products/autofocus/faq.html</Location></Object>
<Object ID="m10"><Name>Products</Name><Location>http://aduna.biz/products/index.jsp</Location></Object>
<Object ID="m11"><Location>http://aduna.biz/products/autofocus/images/new-source-dialog.png</Location></Object>
<Object ID="m12"><Name>Newsletter</Name><Location>http://aduna.biz/aduna/newsletter.jsp</Location></Object>
<Object ID="m13"><Name>Directions</Name><Location>http://aduna.biz/aduna/directions.jsp</Location></Object>
<Object ID="m14"><Name>crumbs</Name><Location>http://aduna.biz/frameset/frame-crumbs.jsp?content=%252Fnews%252F200403101150.jsp</Location></Object>
<Object ID="m15"><Location>http://aduna.biz/products/autofocus/images/edit-sources.png</Location></Object>
<Object ID="m16"><Name>crumbs</Name><Location>http://aduna.biz/frameset/frame-crumbs.jsp?content=%252Fnews%252F200405031044.jsp</Location></Object>
<Object ID="m17"><Name>Aduna</Name><Location>http://aduna.biz/info/index.html</Location></Object>
<Object ID="m18"><Name>crumbs</Name><Location>http://aduna.biz/frameset/frame-crumbs.jsp?content=%252Faduna%252Fnewsletter.jsp</Location></Object>
<Object ID="m19"><Name>Aduna</Name><Location>http://aduna.biz/news/200411061458.html</Location></Object>
<Object ID="m20"><Name>Copyright</Name><Location>http://aduna.biz/legal/copyright.jsp</Location></Object>
<Object ID="m21"><Name>Spectacle : Contact Sales</Name><Location>http://aduna.biz/products/spectacle/sales.jsp</Location></Object>
<Object ID="m22"><Name>crumbs</Name><Location>http://aduna.biz/frameset/frame-crumbs.jsp?content=%252Fservices%252Findex.jsp</Location></Object>
<Object ID="m23"><Name>AutoFocus Personal 2004.1 release</Name><Location>http://aduna.biz/news/200404271620.jsp</Location></Object>
<Object ID="m24"><Name>crumbs</Name><Location>http://aduna.biz/frameset/frame-crumbs.jsp?content=%252Fproducts%252Fspectacle%252Ffaq.jsp</Location></Object>
<Object ID="m25"><Name>AutoFocus : License Agreement</Name><Location>http://aduna.biz/products/autofocus/acceptlicense.jsp?download=http://aduna.biz/downloads/autofocus/2005.1/Java/AdunaAutoFocus2005_1.jar</Location></Object>
<Object ID="m26"><Name>Aduna</Name><Location>http://aduna.biz/info/contact.html</Location></Object>
<Object ID="m27"><Name>crumbs</Name><Location>http://aduna.biz/frameset/frame-crumbs.jsp?content=%252Finfo%252Fcontact.jsp</Location></Object>
<Object ID="m28"><Name>Aduna</Name><Location>http://aduna.biz/products/spectacle/index.html</Location></Object>
<Object ID="m29"><Name>Aduna</Name><Location>http://aduna.biz/products/autofocus/screenshots.html</Location></Object>
<Object ID="m30"><Name>Aduna</Name><Location>http://aduna.biz/clients/index.html</Location></Object>
<Object ID="m31"><Name>Aduna and GX at Overheid &amp; ICT</Name><Location>http://aduna.biz/news/200404201045.jsp</Location></Object>
<Object ID="m32"><Name>crumbs</Name><Location>http://aduna.biz/frameset/frame-crumbs.jsp?content=%252Fproducts%252Fspectacle%252Findex.jsp</Location></Object>
<Object ID="m33"><Name>Aduna Spectacle Manual</Name><Location>http://aduna.biz/products/spectacle/docs/Aduna-Spectacle-2005.1-manual.pdf</Location></Object>
<Object ID="m34"><Name>AutoFocus 2005.1</Name><Location>http://aduna.biz/products/autofocus/index.jsp</Location></Object>
<Object ID="m35"><Name>crumbs</Name><Location>http://aduna.biz/frameset/frame-crumbs.jsp?content=%252Fclients%252Findex.jsp</Location></Object>
<Object ID="m36"><Name>Metadata Server : License Agreement</Name><Location>http://aduna.biz/products/metadataserver/acceptlicense.jsp</Location></Object>
<Object ID="m37"><Name>Metadata Server : License Agreement</Name><Location>http://aduna.biz/products/metadataserver/acceptlicense.jsp?download=http://aduna.biz/downloads/metadata/2005.1/metadataserver-2005.1.zip</Location></Object>
<Object ID="m38"><Name>AutoFocus : License Agreement</Name><Location>http://aduna.biz/products/autofocus/acceptlicense.jsp?download=http://aduna.biz/downloads/autofocus/2004.2/Java/AdunaAutoFocus2004_2.jar</Location></Object>
<Object ID="m39"><Name>Aduna</Name><Location>http://aduna.biz/index.html</Location></Object>
<Object ID="m40"><Name>crumbs</Name><Location>http://aduna.biz/frameset/frame-crumbs.jsp?content=%252Fproducts%252Fautofocus%252Findex.jsp</Location></Object>
<Object ID="m41"><Name>Aduna</Name><Location>http://aduna.biz/services/index.html</Location></Object>
<Object ID="m42"><Name>crumbs</Name><Location>http://aduna.biz/frameset/frame-crumbs.jsp?content=%252Fnews%252F200401311200.jsp</Location></Object>
<Object ID="m43"><Name>Overheid &amp; ICT: April 27-29, Utrecht, The Netherlands</Name><Location>http://aduna.biz/news/200403101150.jsp</Location></Object>
<Object ID="m44"><Name>crumbs</Name><Location>http://aduna.biz/frameset/frame-crumbs.jsp?content=%252Fnews%252F200403151034.jsp</Location></Object>
<Object ID="m45"><Name>crumbs</Name><Location>http://aduna.biz/frameset/frame-crumbs.jsp?content=%252Fservices%252Fservices.jsp</Location></Object>
<Object ID="m46"><Name>header</Name><Location>http://aduna.biz/index-news-header.htm</Location></Object>
<Object ID="m47"><Name>VacanceSelect.nl boosts sales</Name><Location>http://aduna.biz/clients/vacanceselect.jsp</Location></Object>
<Object ID="m48"><Name>Aduna</Name><Location>http://aduna.biz/products/autofocus/server/download.html</Location></Object>
<Object ID="m49"><Name>AutoFocus : License Agreement</Name><Location>http://aduna.biz/products/autofocus/acceptlicense.jsp?download=http://aduna.biz/downloads/autofocus/2005.1/MacOSX/Aduna-AutoFocus-2005.1.zip</Location></Object>
<Object ID="m50"><Location>http://aduna.biz/products/spectacle/images/ss0.png</Location></Object>
<Object ID="m51"><Name>AutoFocus 2003.4.2 release</Name><Location>http://aduna.biz/news/200402192000.jsp</Location></Object>
<Object ID="m52"><Name>Aduna Metadata Server Manual 2005.1</Name><Location>http://aduna.biz/products/metadataserver/docs/Aduna-Metadata-Server-2005.1-manual.pdf</Location></Object>
<Object ID="m53"><Name>crumbs</Name><Location>http://aduna.biz/frameset/frame-crumbs.jsp?content=%252Fnews%252F200412080906.jsp</Location></Object>
<Object ID="m54"><Name>crumbs</Name><Location>http://aduna.biz/frameset/frame-crumbs.jsp?content=%252Fservices%252Fproductsupport.jsp</Location></Object>
<Object ID="m55"><Location>http://aduna.biz/products/autofocus/images/clustermap.png</Location></Object>
<Object ID="m56"><Name>crumbs</Name><Location>http://aduna.biz/frameset/frame-crumbs.jsp?content=%252Fproducts%252Fautofocus%252Fdownload.jsp</Location></Object>
<Object ID="m57"><Location>http://aduna.biz/products/autofocus/images/table-columns.png</Location></Object>
<Object ID="m58"><Name>Aduna Metadata Server 2005.1 Release</Name><Location>http://aduna.biz/news/200503151602.jsp</Location></Object>
<Object ID="m59"><Name>crumbs</Name><Location>http://aduna.biz/frameset/frame-crumbs.jsp?content=%252Fproducts%252Fautofocus%252Fpersonal%252Fdownload.jsp</Location></Object>
<Object ID="m60"><Name>Spectacle : Contact Sales</Name><Location>http://aduna.biz/products/sesame/sales.jsp</Location></Object>
<Object ID="m61"><Name>AutoFocus : License</Name><Location>http://aduna.biz/products/autofocus/license.jsp</Location></Object>
<Object ID="m62"><Name>AutoFocus : License Agreement</Name><Location>http://aduna.biz/products/autofocus/acceptlicense.jsp?download=http://aduna.biz/downloads/autofocus/2005.1/Windows/VM/Aduna-AutoFocus-2005.1.exe</Location></Object>
<Object ID="m63"><Name>Metadata Server : System Requirements</Name><Location>http://aduna.biz/products/metadataserver/sysreqs.jsp</Location></Object>
<Object ID="m64"><Name>Product support</Name><Location>http://aduna.biz/services/productsupport.jsp</Location></Object>
<Object ID="m65"><Name>Aduna</Name><Location>http://aduna.biz/news/200403151034.html</Location></Object>
<Object ID="m66"><Location>http://aduna.biz/products/autofocus/af-tour.swf</Location></Object>
<Object ID="m67"><Name>AutoFocus : Contact Sales</Name><Location>http://aduna.biz/products/autofocus/sales.jsp</Location></Object>
<Object ID="m68"><Name>Metadata Server : Contact Sales</Name><Location>http://aduna.biz/products/metadataserver/sales.jsp</Location></Object>
<Object ID="m69"><Name>Aduna</Name><Location>http://aduna.biz/services/services.html</Location></Object>
<Object ID="m70"><Name>crumbs</Name><Location>http://aduna.biz/frameset/frame-crumbs.jsp?content=%252Fnews%252F200411061458.jsp</Location></Object>
<Object ID="m71"><Name>GX_2_pagina's</Name><Location>http://aduna.biz/news/200404201045-advertorial.pdf</Location></Object>
<Object ID="m72"><Name>fill</Name><Location>http://aduna.biz/frameset/frame-bottom.jsp</Location></Object>
<Object ID="m73"><Name>crumbs</Name><Location>http://aduna.biz/frameset/frame-crumbs.jsp?content=%252Fproducts%252Findex.jsp</Location></Object>
<Object ID="m74"><Name>Sesame RDF Framework</Name><Location>http://aduna.biz/products/sesame/index.jsp</Location></Object>
<Object ID="m75"><Location>http://aduna.biz/dope/images/screenshot1.png</Location></Object>
<Object ID="m76"><Name>crumbs</Name><Location>http://aduna.biz/frameset/frame-crumbs.jsp?content=%252Faduna%252Fcontact.jsp</Location></Object>
<Object ID="m77"><Location>http://aduna.biz/dope/images/screenshot2.png</Location></Object>
<Object ID="m78"><Name>crumbs</Name><Location>http://aduna.biz/frameset/frame-crumbs.jsp?content=%252Fproducts%252Fsesame%252Findex.jsp</Location></Object>
<Object ID="m79"><Location>http://aduna.biz/products/autofocus/images/text-view.png</Location></Object>
<Object ID="m80"><Location>http://aduna.biz/products/autofocus/images/query-answer-3.png</Location></Object>
<Object ID="m81"><Name>crumbs</Name><Location>http://aduna.biz/frameset/frame-crumbs.jsp?content=%252Fnews%252F200404201045.jsp</Location></Object>
<Object ID="m82"><Name>Aduna</Name><Location>http://aduna.biz/aduna/index.html</Location></Object>
<Object ID="m83"><Name>Aduna</Name><Location>http://aduna.biz/products/autofocus/buy.html</Location></Object>
<Object ID="m84"><Name>crumbs</Name><Location>http://aduna.biz/frameset/frame-crumbs.jsp?content=%252Fnews%252F200503151600.jsp</Location></Object>
<Object ID="m85"><Location>http://aduna.biz/images/route.png</Location></Object>
<Object ID="m86"><Name>Aduna</Name><Location>http://aduna.biz/products/sesame/sales.html</Location></Object>
<Object ID="m87"><Name>Services &amp; Solutions</Name><Location>http://aduna.biz/services/services.jsp</Location></Object>
<Object ID="m88"><Name>Aduna</Name><Location>http://aduna.biz/products/autofocus/personal/download.html</Location></Object>
<Object ID="m89"><Name>News Archive</Name><Location>http://aduna.biz/news/index.jsp</Location></Object>
<Object ID="m90"><Name>Metadata Server : Download</Name><Location>http://aduna.biz/products/metadataserver/download.jsp</Location></Object>
<Object ID="m91"><Name>Spectacle : License</Name><Location>http://aduna.biz/products/spectacle/license.jsp</Location></Object>
<Object ID="m92"><Name>Aduna</Name><Location>http://aduna.biz/news/200404271620.html</Location></Object>
<Object ID="m93"><Name>header</Name><Location>http://aduna.biz/frameset/header-menu-products.jsp</Location></Object>
<Object ID="m94"><Name>Aduna</Name><Location>http://aduna.biz/products/metadataserver/sysreqs.html</Location></Object>
<Object ID="m95"><Name>Aduna</Name><Location>http://aduna.biz/aduna/contact.html</Location></Object>
<Object ID="m96"><Name>crumbs</Name><Location>http://aduna.biz/frameset/frame-crumbs.jsp?content=%252Finfo%252Findex.jsp</Location></Object>
<Object ID="m97"><Name>Aduna</Name><Location>http://aduna.biz/news/200503151603.html</Location></Object>
<Object ID="m98"><Name>Aduna</Name><Location>http://aduna.biz/products/autofocus/acceptlicense.html?download=http://aduna.biz/downloads/autofocus/2005.1/Java/AdunaAutoFocus2005_1.jar</Location></Object>
<Object ID="m99"><Name>AutoFocus : FAQ</Name><Location>http://aduna.biz/products/autofocus/faq.jsp</Location></Object>
<Object ID="m100"><Location>http://aduna.biz/dope/images/screenshot3.png</Location></Object>
<Object ID="m101"><Name>Aduna</Name><Location>http://aduna.biz/products/sesame/index.html</Location></Object>
<Object ID="m102"><Name>Aduna</Name><Location>http://aduna.biz/products/autofocus/sysreqs.html</Location></Object>
<Object ID="m103"><Name>Aduna</Name><Location>http://aduna.biz/legal/copyright.html</Location></Object>
<Object ID="m104"><Name>Aduna</Name><Location>http://aduna.biz/services/productsupport.html</Location></Object>
<Object ID="m105"><Name>crumbs</Name><Location>http://aduna.biz/frameset/frame-crumbs.jsp?content=%252Fproducts%252Fautofocus%252Fsales.jsp</Location></Object>
<Object ID="m106"><Name>Aduna AutoFocus User's Guide</Name><Location>http://aduna.biz/products/autofocus/docs/Aduna-AutoFocus-2005.1-users-guide.pdf</Location></Object>
<Object ID="m107"><Name>DOPE Browser</Name><Location>http://aduna.biz/dope/</Location></Object>
<Object ID="m108"><Name>crumbs</Name><Location>http://aduna.biz/frameset/frame-crumbs.jsp?content=%252Fnews%252F200402192000.jsp</Location></Object>
<Object ID="m109"><Name>crumbs</Name><Location>http://aduna.biz/frameset/frame-crumbs.jsp?content=%252Fproducts%252Fspectacle%252Flicense.jsp</Location></Object>
<Object ID="m110"><Name>crumbs</Name><Location>http://aduna.biz/frameset/frame-crumbs.jsp?content=%252Flegal%252Findex.jsp</Location></Object>
<Object ID="m111"><Name>Aduna</Name><Location>http://aduna.biz/products/autofocus/download.html</Location></Object>
<Object ID="m112"><Name>Aduna</Name><Location>http://aduna.biz/products/metadataserver/index.html</Location></Object>
<Object ID="m113"><Name>Leaflet Aduna</Name><Location>http://aduna.biz/products/sesame/docs/Sesame_flyer.pdf</Location></Object>
<Object ID="m114"><Name>Aduna</Name><Location>http://aduna.biz/legal/trademarks.html</Location></Object>
<Object ID="m115"><Name>crumbs</Name><Location>http://aduna.biz/frameset/frame-crumbs.jsp?content=%252Fproducts%252Fmetadataserver%252Flicense.jsp</Location></Object>
<Object ID="m116"><Name>header</Name><Location>http://aduna.biz/frameset/header-menu-aduna.jsp</Location></Object>
<Object ID="m117"><Name>crumbs</Name><Location>http://aduna.biz/frameset/frame-crumbs.jsp?content=%252Fproducts%252Fmetadataserver%252Fdownload.jsp</Location></Object>
<Object ID="m118"><Name>crumbs</Name><Location>http://aduna.biz/frameset/frame-crumbs.jsp?content=%252Faduna%252Fdirections.jsp</Location></Object>
<Object ID="m119"><Name>AutoFocus 2003.4.3 release</Name><Location>http://aduna.biz/news/200403151034.jsp</Location></Object>
<Object ID="m120"><Name>Metadata Server : FAQ</Name><Location>http://aduna.biz/products/metadataserver/faq.jsp</Location></Object>
<Object ID="m121"><Name>Aduna</Name><Location>http://aduna.biz/news/200503151601.html</Location></Object>
<Object ID="m122"><Name>Spectacle : FAQ</Name><Location>http://aduna.biz/products/spectacle/faq.jsp</Location></Object>
<Object ID="m123"><Location>http://aduna.biz/products/spectacle/tour.htm</Location></Object>
<Object ID="m124"><Name>AutoFocus : Download</Name><Location>http://aduna.biz/products/autofocus/download.jsp</Location></Object>
<Object ID="m125"><Name>AutoFocus : License Agreement</Name><Location>http://aduna.biz/products/autofocus/acceptlicense.jsp?download=http://aduna.biz/downloads/autofocus/2005.1/Solaris/VM/AdunaAutoFocus2005_1.bin</Location></Object>
<Object ID="m126"><Name>Aduna</Name><Location>http://aduna.biz/products/metadataserver/sales.html</Location></Object>
<Object ID="m127"><Name>Aduna</Name><Location>http://aduna.biz/products/metadataserver/download.html</Location></Object>
<Object ID="m128"><Name>AutoFocus : System Requirements</Name><Location>http://aduna.biz/products/autofocus/sysreqs.jsp</Location></Object>
<Object ID="m129"><Location>http://aduna.biz/dope/images/screenshot4.png</Location></Object>
<Object ID="m130"><Name>Aduna</Name><Location>http://aduna.biz/news/index.html</Location></Object>
<Object ID="m131"><Name>Aduna</Name><Location>http://aduna.biz/products/autofocus/acceptlicense.html?download=http://aduna.biz/downloads/autofocus/2005.1/Linux/VM/AdunaAutoFocus2005_1.bin</Location></Object>
<Object ID="m132"><Name>Aduna</Name><Location>http://aduna.biz/news/200401311200.html</Location></Object>
<Object ID="m133"><Name>Aduna</Name><Location>http://aduna.biz/clients/vacanceselect.html</Location></Object>
<Object ID="m134"><Name>logo</Name><Location>http://aduna.biz/frameset/header-logo.jsp</Location></Object>
<Object ID="m135"><Location>http://aduna.biz/products/autofocus/images/query-answer-1.png</Location></Object>
<Object ID="m136"><Name>Company</Name><Location>http://aduna.biz/aduna/index.jsp</Location></Object>
<Object ID="m137"><Name>Aduna</Name><Location>http://aduna.biz/news/200503151600.html</Location></Object>
<Object ID="m138"><Name>Aduna</Name><Location>http://aduna.biz/products/spectacle/sysreqs.html</Location></Object>
<Object ID="m139"><Name>Aduna</Name><Location>http://aduna.biz/products/spectacle/faq.html</Location></Object>
<Object ID="m140"><Name>Spectacle 2005.1</Name><Location>http://aduna.biz/products/spectacle/index.jsp</Location></Object>
<Object ID="m141"><Name>Aduna</Name><Location>http://aduna.biz/products/autofocus/sales.html</Location></Object>
<Object ID="m142"><Name>header</Name><Location>http://aduna.biz/frameset/header-services.jsp</Location></Object>
<Object ID="m143"><Name>header</Name><Location>http://aduna.biz/frameset/header-aduna.jsp</Location></Object>
<Object ID="m144"><Name>crumbs</Name><Location>http://aduna.biz/frameset/frame-crumbs.jsp?content=%252Flegal%252Fcopyright.jsp</Location></Object>
<Object ID="m145"><Name>Aduna</Name><Location>http://aduna.biz/products/spectacle/sales.html</Location></Object>
<Object ID="m146"><Name>crumbs</Name><Location>http://aduna.biz/frameset/frame-crumbs.jsp?content=%252Findex.jsp</Location></Object>
<Object ID="m147"><Name>AutoFocus : License Agreement</Name><Location>http://aduna.biz/products/autofocus/acceptlicense.jsp?download=http://aduna.biz/downloads/autofocus/2005.1/GenericUnix/AdunaAutoFocus2005_1.bin</Location></Object>
<Object ID="m148"><Name>crumbs</Name><Location>http://aduna.biz/frameset/frame-crumbs.jsp?content=%252Fnews%252F200404271620.jsp</Location></Object>
<Object ID="m149"><Name>Aduna</Name><Location>http://aduna.biz/news/200402201200.html</Location></Object>
<Object ID="m150"><Name>Aduna Spectacle 2005.1 Release</Name><Location>http://aduna.biz/news/200503151601.jsp</Location></Object>
<Object ID="m151"><Name>crumbs</Name><Location>http://aduna.biz/frameset/frame-crumbs.jsp?content=%252Fproducts%252Fautofocus%252Fbuy.jsp</Location></Object>
<Object ID="m152"><Name>crumbs</Name><Location>http://aduna.biz/frameset/frame-crumbs.jsp?content=%252Flegal%252Fprivacy.jsp</Location></Object>
<Object ID="m153"><Name>Aduna</Name><Location>http://aduna.biz/products/autofocus/index.html</Location></Object>
<Object ID="m154"><Name>crumbs</Name><Location>http://aduna.biz/frameset/frame-crumbs.jsp?content=%252Fproducts%252Fsesame%252Fsales.jsp</Location></Object>
<Object ID="m155"><Name>Sesame 1.0 release</Name><Location>http://aduna.biz/news/200403251044.jsp</Location></Object>
<Object ID="m156"><Location>http://aduna.biz/products/autofocus/images/query-answer-2.png</Location></Object>
<Object ID="m157"><Name>Aduna</Name><Location>http://aduna.biz/news/200412080906.html</Location></Object>
<Object ID="m158"><Location>http://aduna.biz/products/autofocus/tour.htm</Location></Object>
<Object ID="m159"><Name>Aduna</Name><Location>http://aduna.biz/index-content.jsp</Location></Object>
<Object ID="m160"><Location>http://aduna.biz/products/autofocus/images/new-source.png</Location></Object>
<Object ID="m161"><Name>crumbs</Name><Location>http://aduna.biz/frameset/frame-crumbs.jsp?content=%252Fnews%252F200403251044.jsp</Location></Object>
<Object ID="m162"><Name>crumbs</Name><Location>http://aduna.biz/frameset/frame-crumbs.jsp?content=%252Fmetadataserver%252Findex.jsp</Location></Object>
<Object ID="m163"><Name>Aduna</Name><Location>http://aduna.biz/products/autofocus/acceptlicense.html?download=http://aduna.biz/downloads/autofocus/2005.1/GenericUnix/AdunaAutoFocus2005_1.bin</Location></Object>
<Object ID="m164"><Name>header</Name><Location>http://aduna.biz/frameset/header-products.jsp</Location></Object>
<Object ID="m165"><Name>Aduna</Name><Location>http://aduna.biz/legal/index.html</Location></Object>
<Object ID="m166"><Name>Aduna homepage</Name><Location>http://aduna.biz/index.jsp</Location></Object>
<Object ID="m167"><Name>Aduna AutoFocus 2005.1 Release</Name><Location>http://aduna.biz/news/200503151600.jsp</Location></Object>
<Object ID="m168"><Name>Metadata Server 2005.1</Name><Location>http://aduna.biz/products/metadataserver/index.jsp</Location></Object>
<Object ID="m169"><Name>crumbs</Name><Location>http://aduna.biz/frameset/frame-crumbs.jsp?content=%252Fproducts%252Fautofocus%252Fserver%252Fdownload.jsp</Location></Object>
<Object ID="m170"><Name>Aduna homepage - header</Name><Location>http://aduna.biz/index-news.jsp</Location></Object>
<Object ID="m171"><Name>Aduna</Name><Location>http://aduna.biz/news/200402192000.html</Location></Object>
<Object ID="m172"><Name>Aduna</Name><Location>http://aduna.biz/news/200404201045.html</Location></Object>
<Object ID="m173"><Name>DOPE Browser</Name><Location>http://aduna.biz/dope/doc/DopeBrowserManual.pdf</Location></Object>
<Object ID="m174"><Name>Aduna Metadata Server 2005.1 RC1 Release</Name><Location>http://aduna.biz/news/200412221200.jsp</Location></Object>
<Object ID="m175"><Location>http://aduna.biz/products/autofocus/images/query-answer-4.png</Location></Object>
<Object ID="m176"><Name>Aduna</Name><Location>http://aduna.biz/products/spectacle/license.html</Location></Object>
<Object ID="m177"><Location>http://aduna.biz/products/autofocus/images/install-screen.png</Location></Object>
<Object ID="m178"><Name>Clients</Name><Location>http://aduna.biz/clients/index.jsp</Location></Object>
<Object ID="m179"><Name>Aduna AutoFocus Brochure</Name><Location>http://aduna.biz/products/autofocus/docs/Aduna-AutoFocus-brochure.pdf</Location></Object>
<Object ID="m180"><Name>Aduna</Name><Location>http://aduna.biz/products/autofocus/acceptlicense.html?download=http://aduna.biz/downloads/autofocus/2004.2/Java/AdunaAutoFocus2004_2.jar</Location></Object>
<Object ID="m181"><Name>Aduna</Name><Location>http://aduna.biz/aduna/directions.html</Location></Object>
<Object ID="m182"><Name>Aduna</Name><Location>http://aduna.biz/aduna/newsletter.html</Location></Object>
<Object ID="m183"><Name>header</Name><Location>http://aduna.biz/frameset/header-menu-services.jsp</Location></Object>
<Object ID="m184"><Name>crumbs</Name><Location>http://aduna.biz/frameset/frame-crumbs.jsp?content=%252Fproducts%252Fmetadataserver%252Fsales.jsp</Location></Object>
<Object ID="m185"><Name>crumbs</Name><Location>http://aduna.biz/frameset/frame-crumbs.jsp?content=%252Fproducts%252Fautofocus%252Faf-enterprise-use.jsp</Location></Object>
<Object ID="m186"><Name>crumbs</Name><Location>http://aduna.biz/frameset/frame-crumbs.jsp?content=%252Fnews%252F200402201200.jsp</Location></Object>
<Object ID="m187"><Name>Aduna</Name><Location>http://aduna.biz/products/metadataserver/acceptlicense.html?download=http://aduna.biz/downloads/metadata/2005.1/metadataserver-2005.1.zip</Location></Object>
<Object ID="m188"><Name>Aduna</Name><Location>http://aduna.biz/products/metadataserver/acceptlicense.html?download=http://aduna.biz/downloads/metadata/2005.1/metadataserver-2005.1.tar.gz</Location></Object>
<Object ID="m189"><Name>crumbs</Name><Location>http://aduna.biz/frameset/frame-crumbs.jsp?content=%252Fnews%252Findex.jsp</Location></Object>
<Object ID="m190"><Name>AutoFocus : License Agreement</Name><Location>http://aduna.biz/products/autofocus/acceptlicense.jsp</Location></Object>
<Object ID="m191"><Name>crumbs</Name><Location>http://aduna.biz/frameset/frame-crumbs.jsp?content=%252Fproducts%252Fmetadataserver%252Findex.jsp</Location></Object>
<Object ID="m192"><Name>Aduna</Name><Location>http://aduna.biz/products/autofocus/acceptlicense.html?download=http://aduna.biz/downloads/autofocus/2005.1/Solaris/VM/AdunaAutoFocus2005_1.bin</Location></Object>
<Object ID="m193"><Name>Aduna AutoFocus 2004.2 release</Name><Location>http://aduna.biz/news/200412080906.jsp</Location></Object>
<Object ID="m194"><Name>Aduna</Name><Location>http://aduna.biz/legal/privacy.html</Location></Object>
<Object ID="m195"><Name>crumbs</Name><Location>http://aduna.biz/frameset/frame-crumbs.jsp?content=%252Fproducts%252Fmetadataserver%252Facceptlicense.jsp</Location></Object>
<Object ID="m196"><Name>Aduna</Name><Location>http://aduna.biz/products/index.html</Location></Object>
<Object ID="m197"><Name>Aduna</Name><Location>http://aduna.biz/news/200503151602.html</Location></Object>
<Object ID="m198"><Name>crumbs</Name><Location>http://aduna.biz/frameset/frame-crumbs.jsp?content=%252Fproducts%252Fmetadataserver%252Fsysreqs.jsp</Location></Object>
<Object ID="m199"><Location>http://aduna.biz/products/metadataserver/images/adminpage-metadataserver.png</Location></Object>
<Object ID="m200"><Name>Aduna</Name><Location>http://aduna.biz/news/200412221200.html</Location></Object>
<Object ID="m201"><Name>VacanceSelect.nl nominated for 'Best Webshop - Travel'</Name><Location>http://aduna.biz/news/200401311200.jsp</Location></Object>
<Object ID="m202"><Name>Aduna</Name><Location>http://aduna.biz/metadataserver/index.html</Location></Object>
<Object ID="m203"><Name>Sesame 1.0.1 release</Name><Location>http://aduna.biz/news/200405031044.jsp</Location></Object>
<Object ID="m204"><Name>Contact</Name><Location>http://aduna.biz/aduna/contact.jsp</Location></Object>
<Object ID="m205"><Name>Services</Name><Location>http://aduna.biz/services/index.jsp</Location></Object>
<Object ID="m206"><Name>Aduna</Name><Location>http://aduna.biz/products/metadataserver/faq.html</Location></Object>
<Object ID="m207"><Name>crumbs</Name><Location>http://aduna.biz/frameset/frame-crumbs.jsp?content=%252Fproducts%252Fmetadataserver%252Ffaq.jsp</Location></Object>
<Object ID="m208"><Name>crumbs</Name><Location>http://aduna.biz/frameset/frame-crumbs.jsp?content=%252Fnews%252F200503151601.jsp</Location></Object>
<Object ID="m209"><Name>crumbs</Name><Location>http://aduna.biz/frameset/frame-crumbs.jsp?content=%252Fproducts%252Fautofocus%252Fsysreqs.jsp</Location></Object>
<Object ID="m210"><Name>Aduna</Name><Location>http://aduna.biz/news/200403101150.html</Location></Object>
<Object ID="m211"><Name>AutoFocus : Screenshots</Name><Location>http://aduna.biz/products/autofocus/screenshots.jsp</Location></Object>
<Object ID="m212"><Name>crumbs</Name><Location>http://aduna.biz/frameset/frame-crumbs.jsp?content=%252Fclients%252Fvacanceselect.jsp</Location></Object>
<Object ID="m213"><Name>header</Name><Location>http://aduna.biz/index-content-header.htm</Location></Object>
<Object ID="m214"><Location>http://aduna.biz/products/metadataserver/images/architecture.png</Location></Object>
<Object ID="m215"><Name>Aduna</Name><Location>http://aduna.biz/products/metadataserver/license.html</Location></Object>
<Object ID="m216"><Name>crumbs</Name><Location>http://aduna.biz/frameset/frame-crumbs.jsp?content=%252Fproducts%252Fautofocus%252Ffaq.jsp</Location></Object>
<Object ID="m217"><Name>fill</Name><Location>http://aduna.biz/frameset/frame-left.jsp</Location></Object>
<Object ID="m218"><Name>crumbs</Name><Location>http://aduna.biz/frameset/frame-crumbs.jsp?content=%252Fproducts%252Fautofocus%252Facceptlicense.jsp</Location></Object>
<Object ID="m219"><Name>Spectacle : System Requirements</Name><Location>http://aduna.biz/products/spectacle/sysreqs.jsp</Location></Object>
<Object ID="m220"><Name>crumbs</Name><Location>http://aduna.biz/frameset/frame-crumbs.jsp?content=%252Faduna%252Findex.jsp</Location></Object>
<Object ID="m221"><Name>Aduna</Name><Location>http://aduna.biz/news/200405031044.html</Location></Object>
<Object ID="m222"><Name>AutoFocus Personal 2004.2 RC1 available</Name><Location>http://aduna.biz/news/200411061458.jsp</Location></Object>
<Object ID="m223"><Name>Aduna</Name><Location>http://aduna.biz/products/autofocus/af-enterprise-use.html</Location></Object>
<Object ID="m224"><Name>Aduna</Name><Location>http://aduna.biz/products/autofocus/acceptlicense.html?download=http://aduna.biz/downloads/autofocus/2005.1/MacOSX/Aduna-AutoFocus-2005.1.zip</Location></Object>
<Object ID="m225"><Name>crumbs</Name><Location>http://aduna.biz/frameset/frame-crumbs.jsp?content=%252Fproducts%252Fautofocus%252Flicense.jsp</Location></Object>
<Object ID="m226"><Name>Aduna Metadata Server Brochure</Name><Location>http://aduna.biz/products/metadataserver/docs/Aduna-Metadata-Server-brochure.pdf</Location></Object>
<Object ID="m227"><Name>Sesame 1.0-pre2 release</Name><Location>http://aduna.biz/news/200402201200.jsp</Location></Object>
<Object ID="m228"><Name>Terms Of Use</Name><Location>http://aduna.biz/legal/index.jsp</Location></Object>
<Object ID="m229"><Name>Metadata Server : License Agreement</Name><Location>http://aduna.biz/products/metadataserver/acceptlicense.jsp?download=http://aduna.biz/downloads/metadata/2005.1/metadataserver-2005.1.tar.gz</Location></Object>
<Object ID="m230"><Name>crumbs</Name><Location>http://aduna.biz/frameset/frame-crumbs.jsp?content=%252Fproducts%252Fautofocus%252Fscreenshots.jsp</Location></Object>
<Object ID="m231"><Name>Metadata Server : License</Name><Location>http://aduna.biz/products/metadataserver/license.jsp</Location></Object>
<Object ID="m232"><Name>Aduna</Name><Location>http://aduna.biz/products/autofocus/acceptlicense.html?download=http://aduna.biz/downloads/autofocus/2005.1/Windows/VM/Aduna-AutoFocus-2005.1.exe</Location></Object>
<Object ID="m233"><Name>AutoFocus : License Agreement</Name><Location>http://aduna.biz/products/autofocus/acceptlicense.jsp?download=http://aduna.biz/downloads/autofocus/2005.1/Linux/VM/AdunaAutoFocus2005_1.bin</Location></Object>
<Object ID="m234"><Name>Trademarks</Name><Location>http://aduna.biz/legal/trademarks.jsp</Location></Object>
<Object ID="m235"><Name>Aduna</Name><Location>http://aduna.biz/products/autofocus/license.html</Location></Object>
<Object ID="m236"><Name>crumbs</Name><Location>http://aduna.biz/frameset/frame-crumbs.jsp?content=%252Flegal%252Ftrademarks.jsp</Location></Object>
<Object ID="m237"><Name>Aduna</Name><Location>http://aduna.biz/news/200403251044.html</Location></Object>
<Object ID="m238"><Name>crumbs</Name><Location>http://aduna.biz/frameset/frame-crumbs.jsp?content=%252Fnews%252F200503151603.jsp</Location></Object>
</ObjectSet>

<ClassificationSet>

<Classification ID="root">
<Name>Aduna.biz Website</Name>
<Objects objectIDs="m1 m22 m25 m30 m32 m44 m45 m73 m74 m77 m82 m84 m87 m88 m89 m91 m92 m101 m103 m105 m109 m110 m112 m128 m129 m143 m146 m147 m149 m150 m155 m159 m166 m169 m170 m172 m175 m176 m182 m187 m199 m200 m206 m217 m222 m234 m236 m2 m9 m11 m17 m24 m26 m28 m29 m31 m33 m35 m38 m39 m43 m47 m48 m49 m50 m54 m64 m68 m70 m75 m78 m79 m81 m83 m90 m98 m104 m106 m107 m116 m122 m124 m127 m132 m134 m136 m139 m144 m152 m154 m156 m158 m160 m163 m164 m171 m177 m185 m188 m193 m195 m196 m198 m208 m212 m214 m218 m219 m221 m227 m230 m235 m0 m3 m5 m6 m8 m10 m14 m19 m20 m23 m27 m36 m37 m40 m41 m46 m51 m52 m56 m57 m59 m62 m65 m71 m72 m80 m95 m100 m111 m114 m115 m117 m118 m119 m120 m123 m131 m135 m137 m140 m145 m148 m151 m161 m167 m174 m178 m183 m184 m190 m202 m203 m204 m209 m213 m215 m216 m220 m224 m229 m232 m233 m4 m7 m12 m13 m15 m16 m18 m21 m34 m42 m53 m55 m58 m60 m61 m63 m67 m66 m69 m76 m85 m86 m93 m94 m96 m97 m99 m102 m108 m113 m121 m125 m126 m130 m133 m138 m141 m142 m153 m157 m162 m165 m168 m173 m179 m180 m181 m186 m189 m192 m191 m194 m197 m201 m205 m207 m210 m211 m223 m225 m226 m228 m231 m237 m238"/>
</Classification>

<Classification ID="c1">
<Name>AutoFocus</Name>
<Objects objectIDs="m1 m25 m87 m88 m89 m105 m128 m147 m169 m170 m175 m222 m234 m2 m9 m11 m29 m33 m38 m48 m49 m64 m79 m83 m98 m106 m122 m124 m136 m156 m158 m160 m163 m177 m185 m193 m218 m230 m235 m23 m40 m52 m51 m56 m57 m59 m62 m71 m80 m111 m119 m120 m131 m135 m151 m167 m174 m190 m209 m216 m224 m232 m233 m15 m34 m55 m58 m61 m66 m67 m93 m99 m102 m125 m141 m153 m168 m179 m180 m192 m211 m223 m226 m225"/>
<SuperClass refs="root"/>
</Classification>

<Classification ID="c2">
<Name>Spectacle</Name>
<Objects objectIDs="m32 m87 m89 m91 m109 m150 m170 m176 m234 m24 m28 m33 m47 m50 m64 m106 m122 m136 m139 m219 m0 m8 m52 m120 m123 m140 m145 m174 m178 m21 m58 m60 m93 m138 m168 m226"/>
<SuperClass refs="root"/>
</Classification>

<Classification ID="c3">
<Name>"Metadata Server"</Name>
<Objects objectIDs="m87 m89 m170 m2 m33 m64 m68 m90 m106 m122 m136 m193 m3 m36 m37 m52 m120 m140 m174 m229 m34 m58 m63 m93 m168 m179 m226 m231"/>
<SuperClass refs="root"/>
</Classification>

<Classification ID="c4">
<Name>Sesame</Name>
<Objects objectIDs="m74 m87 m89 m101 m155 m170 m64 m78 m106 m136 m154 m227 m3 m52 m120 m174 m178 m203 m58 m60 m86 m93 m113 m168 m173 m226"/>
<SuperClass refs="root"/>
</Classification>

<Classification ID="c5">
<Name>"Cluster Map"</Name>
<Objects objectIDs="m33 m106 m52 m178 m34 m99 m179"/>
<SuperClass refs="root"/>
</Classification>

<Classification ID="c6">
<Name>Screenshots</Name>
<Objects objectIDs="m1 m128 m2 m29 m107 m124 m34 m61 m67 m99 m211"/>
<SuperClass refs="root"/>
</Classification>

<Classification ID="c7">
<Name>Download</Name>
<Objects objectIDs="m1 m25 m88 m128 m147 m155 m2 m33 m38 m48 m49 m68 m90 m124 m127 m36 m37 m52 m51 m62 m111 m120 m174 m190 m203 m229 m233 m34 m61 m63 m67 m99 m113 m125 m168 m173 m179 m211 m226 m228 m231"/>
<SuperClass refs="root"/>
</Classification>

</ClassificationSet>

</ClassificationTree>
